gps_week,gps_millisecs,x_accel,y_accel,z_accel,x_gyro,y_gyro,z_gyro
2206,197688450,-0.8606381416320801,-0.7276999354362488,-9.704117774963379,0.04315520450472832,-0.0066912174224853516,-0.06338807195425034
2206,197688570,-0.8516959547996521,-0.7338445782661438,-9.708349227905273,0.03754197806119919,-0.048760008066892624,-0.04030472785234451
2206,197688690,-0.8543519973754883,-0.7309165596961975,-9.717870712280273,0.008569404482841492,-0.05923561006784439,-0.030551282688975334
2206,197688810,-0.8580568432807922,-0.7265626192092896,-9.716309547424316,0.017424948513507843,-0.06146755442023277,-0.024181384593248367
2206,197688920,-0.8530164957046509,-0.7210652828216553,-9.712241172790527,0.031105592846870422,0.004086364060640335,-0.026950055733323097
2206,197689020,-0.861770510673523,-0.7292323708534241,-9.713912963867188,0.09662491083145142,-0.0742710530757904,-0.037517063319683075
2206,197689130,-0.8540014624595642,-0.7256647348403931,-9.709962844848633,0.013782371766865253,-0.03485305234789848,-0.009454791434109211
2206,197689240,-0.8624657988548279,-0.7206869125366211,-9.72396183013916,-0.060217782855033875,-0.029684828594326973,0.004748985171318054
2206,197689370,-0.857724666595459,-0.7259741425514221,-9.714245796203613,-0.03765338286757469,-0.010390883311629295,-0.01801460236310959
2206,197689490,-0.8608020544052124,-0.7278933525085449,-9.706808090209961,0.2752609848976135,-0.12435213476419449,-0.027304966002702713
2206,197689600,-0.8504211902618408,-0.7326059341430664,-9.709266662597656,-0.09417401999235153,-0.005545649211853743,-8.59076390042901e-05
2206,197689710,-0.8504574298858643,-0.7219740748405457,-9.7238187789917,0.03995154798030853,-0.02371303364634514,-0.001087145647034049
2206,197689820,-0.8656437993049622,-0.7388862371444702,-9.704930305480957,0.0684504583477974,-0.09044675529003143,-0.054330047219991684
2206,197689930,-0.8532494306564331,-0.7381511330604553,-9.721006393432617,-0.09110762178897858,0.004226112738251686,0.020118949934840202
2206,197690050,-0.865863561630249,-0.7317227721214294,-9.713050842285156,0.075136698782444,-0.024770647287368774,-0.00010668001777958125
2206,197690160,-0.8559997081756592,-0.7259050607681274,-9.716046333312988,-0.010984955355525017,-0.02917841076850891,-0.019190354272723198
2206,197690270,-0.8540424704551697,-0.7256261110305786,-9.71135139465332,0.021218236535787582,-0.06486133486032486,-0.0418628454208374
2206,197690370,-0.8586257100105286,-0.7334342002868652,-9.711429595947266,0.06535837054252625,0.02394065260887146,-0.030324069783091545
2206,197690480,-0.8451111912727356,-0.7271120548248291,-9.723627090454102,-0.07875733077526093,0.017676882445812225,-0.01803445816040039
2206,197690580,-0.8525205850601196,-0.7335628867149353,-9.713396072387695,0.06146925315260887,-0.045353963971138,-0.01997358351945877
2206,197690680,-0.8622046709060669,-0.7346054911613464,-9.709118843078613,0.13260941207408905,-0.06304189562797546,-0.014481214806437492
2206,197690790,-0.8567654490470886,-0.7336618304252625,-9.714308738708496,-0.0204720888286829,-0.02334665134549141,-0.011706826277077198
2206,197690900,-0.8568907976150513,-0.7287803292274475,-9.714499473571777,0.05106188356876373,-0.03604288771748543,-0.031182751059532166
2206,197691020,-0.8498702645301819,-0.7312214374542236,-9.710046768188477,-0.04619234800338745,-0.05560307577252388,0.004655145574361086
2206,197691130,-0.8491118550300598,-0.7374917268753052,-9.711856842041016,0.0042052436619997025,0.025664620101451874,-0.026487210765480995
2206,197691230,-0.8533984422683716,-0.7293829917907715,-9.718017578125,0.06666270643472672,-0.04034880921244621,-0.04081739857792854
2206,197691340,-0.8531553149223328,-0.7355475425720215,-9.725883483886719,0.010568158701062202,-0.0036357950884848833,-0.04265638813376427
2206,197691450,-0.8564193248748779,-0.7270808815956116,-9.713052749633789,0.04940669238567352,-0.0010579789523035288,-0.04389156028628349
2206,197691560,-0.857143759727478,-0.7377083897590637,-9.714805603027344,0.05752890184521675,-0.045713819563388824,-0.02635643258690834
2206,197691680,-0.8460686802864075,-0.7326075434684753,-9.716453552246094,-0.0017295919824391603,-0.03763636201620102,-0.017339883372187614
2206,197691800,-0.8564534187316895,-0.7171110510826111,-9.707937240600586,0.007594682741910219,0.00936694722622633,-0.0017462905962020159
2206,197691900,-0.8560296297073364,-0.727481484413147,-9.713888168334961,0.07834838330745697,-0.08028897643089294,-0.0012884745374321938
2206,197692010,-0.849862277507782,-0.7357441782951355,-9.705423355102539,0.0664869099855423,-0.014614968560636044,0.009620449505746365
2206,197692130,-0.8612388968467712,-0.7206664681434631,-9.713412284851074,0.10653544962406158,-0.03544867783784866,0.009195040911436081
2206,197692240,-0.8531796932220459,-0.7209205031394958,-9.715201377868652,-0.06575759500265121,0.01900518126785755,0.014976810663938522
2206,197692340,-0.8479772806167603,-0.7211340665817261,-9.721646308898926,0.0796617791056633,-0.05098720267415047,-0.01121138408780098
2206,197692450,-0.8548479676246643,-0.7268036007881165,-9.715441703796387,-0.047396156936883926,-0.021038969978690147,-0.02049468271434307
2206,197692560,-0.857599139213562,-0.7309397459030151,-9.711382865905762,0.028159629553556442,0.052481234073638916,-0.04808144271373749
2206,197692660,-0.863884687423706,-0.7284425497055054,-9.714247703552246,0.050762251019477844,-0.04504002630710602,0.026784665882587433
2206,197692790,-0.857554018497467,-0.7193444967269897,-9.707005500793457,-0.003906418569386005,-0.055585507303476334,-0.04688287898898125
2206,197692910,-0.8583663105964661,-0.7282549142837524,-9.708152770996094,0.09714803844690323,-0.028904767706990242,-0.028718864545226097
2206,197693020,-0.8618673086166382,-0.7211859822273254,-9.712006568908691,-0.0460219532251358,0.07415737956762314,0.016229700297117233
2206,197693130,-0.853154182434082,-0.72679203748703,-9.715868949890137,0.007943953387439251,-0.031324807554483414,0.017537716776132584
2206,197693240,-0.8659409880638123,-0.7156233191490173,-9.705459594726562,0.11637639254331589,-0.06672363728284836,-0.04063814878463745
2206,197693360,-0.856896162033081,-0.7266637682914734,-9.715384483337402,-0.04664735123515129,0.024576837196946144,0.02980317361652851
2206,197693460,-0.8500726819038391,-0.7251591682434082,-9.7179536819458,0.0695410743355751,-0.029919713735580444,0.010747776366770267
2206,197693580,-0.8587431311607361,-0.7293851375579834,-9.700928688049316,0.06958890706300735,-0.010592671111226082,-0.018250325694680214
2206,197693690,-0.8553604483604431,-0.7289685606956482,-9.702580451965332,0.06646786630153656,0.014076142571866512,0.006510726176202297
2206,197693810,-0.8620039224624634,-0.7271071672439575,-9.717419624328613,-0.07623879611492157,-0.0057997871190309525,0.00820900034159422
2206,197693940,-0.8631884455680847,-0.7229289412498474,-9.710260391235352,0.09598901122808456,-0.014257966540753841,0.026145409792661667
2206,197694040,-0.8591989874839783,-0.7163247466087341,-9.719623565673828,0.025522293522953987,-0.02885625883936882,-0.020874345675110817
2206,197694160,-0.8537311553955078,-0.7174060344696045,-9.716383934020996,0.1293811798095703,-0.05548520013689995,0.0024408588651567698
2206,197694270,-0.8613274693489075,-0.7184790968894958,-9.710124015808105,0.08551549166440964,0.005239785648882389,-0.025113431736826897
2206,197694380,-0.8515035510063171,-0.7159529328346252,-9.719012260437012,-0.12343311309814453,0.030314160510897636,0.01307709887623787
2206,197694480,-0.8580321073532104,-0.7175058722496033,-9.711516380310059,0.12392666190862656,-0.0890558585524559,-0.04121161997318268
2206,197694590,-0.8498673439025879,-0.7290728092193604,-9.708288192749023,-0.00981576181948185,-0.00634800223633647,0.013745447620749474
2206,197694700,-0.8553793430328369,-0.7236577868461609,-9.70850944519043,-0.06302992254495621,-0.022630948573350906,0.03885148838162422
2206,197694810,-0.8539249897003174,-0.7168372273445129,-9.71008014678955,-0.10089413821697235,0.01233458798378706,-0.032398588955402374
2206,197694920,-0.8590150475502014,-0.7262247800827026,-9.703180313110352,0.16403566300868988,-0.1504041850566864,-0.02510991320014
2206,197695020,-0.8588806986808777,-0.7246826887130737,-9.716817855834961,-0.09617850184440613,-0.0010290706995874643,-0.03551822528243065
2206,197695130,-0.8572019338607788,-0.7168890833854675,-9.718435287475586,0.08627635985612869,-0.05387261137366295,0.013121680356562138
2206,197695240,-0.8616985082626343,-0.7324659824371338,-9.709320068359375,0.08736914396286011,-0.04762113094329834,-0.026764564216136932
2206,197695350,-0.8596673607826233,-0.7234382033348083,-9.7188081741333,-0.07812052220106125,-0.00986984372138977,-0.029807159677147865
2206,197695470,-0.8604599237442017,-0.7197982668876648,-9.71444320678711,0.05526285991072655,-0.011968046426773071,-0.029687929898500443
2206,197695590,-0.8494309782981873,-0.7269058227539062,-9.723514556884766,0.012196386232972145,-0.08145321905612946,-0.04901178181171417
2206,197695700,-0.855746865272522,-0.7319486737251282,-9.713561058044434,0.12147790193557739,-0.07620139420032501,0.007956521585583687
2206,197695820,-0.8502533435821533,-0.731587827205658,-9.725362777709961,0.012051589787006378,-0.06079188361763954,0.011102624237537384
2206,197695930,-0.8532602787017822,-0.7275556921958923,-9.712347030639648,0.06767125427722931,-0.06498421728610992,-0.0026362896896898746
2206,197696050,-0.8521921634674072,-0.7256428599357605,-9.71550464630127,-0.013447260484099388,-0.06358655542135239,-0.047407060861587524
2206,197696160,-0.8544806838035583,-0.7293698191642761,-9.71663761138916,-0.021545371040701866,-0.012183202430605888,0.0016227018786594272
2206,197696270,-0.8542807698249817,-0.7296339869499207,-9.713590621948242,-0.028257079422473907,-0.030692696571350098,-0.005094100721180439
2206,197696380,-0.8488694429397583,-0.7275252342224121,-9.719147682189941,-0.06637221574783325,0.0050012459978461266,-0.011138140223920345
2206,197696490,-0.860365629196167,-0.7306511402130127,-9.710018157958984,0.03134807571768761,-0.06107732653617859,-0.029907146468758583
2206,197696610,-0.8591810464859009,-0.7169806361198425,-9.715346336364746,0.008135690353810787,-0.014029229991137981,-0.026853803545236588
2206,197696720,-0.863274335861206,-0.7209662795066833,-9.711821556091309,0.11209265887737274,-0.06413153558969498,0.0035258084535598755
2206,197696830,-0.8638472557067871,-0.725967288017273,-9.716272354125977,0.002947272500023246,-0.03847026079893112,-0.01870984025299549
2206,197696940,-0.8611175417900085,-0.7139648795127869,-9.716760635375977,0.04705014452338219,-0.019184211269021034,-0.06571286171674728
2206,197697060,-0.8556649684906006,-0.723888635635376,-9.713431358337402,-0.010478783398866653,-0.008892977610230446,-0.007761761080473661
2206,197697170,-0.8490204215049744,-0.7163324356079102,-9.721651077270508,-0.03797641023993492,0.040244270116090775,0.005834872368723154
2206,197697290,-0.8592715859413147,-0.7300523519515991,-9.7153959274292,0.11298229545354843,-0.05779760703444481,-0.036896903067827225
2206,197697400,-0.849738359451294,-0.730130136013031,-9.71099853515625,0.048049066215753555,-0.08117061108350754,-0.013440793380141258
2206,197697500,-0.8591517806053162,-0.7175664901733398,-9.712128639221191,0.10664060711860657,-0.08991368114948273,-0.01450824923813343
2206,197697620,-0.8591434359550476,-0.7311509251594543,-9.7149076461792,0.02656014822423458,-0.07328653335571289,-0.0013080078642815351
2206,197697730,-0.8550987839698792,-0.7309407591819763,-9.713695526123047,0.04553169012069702,-0.02074313536286354,-0.04748951643705368
2206,197697830,-0.8509568572044373,-0.7174524068832397,-9.711480140686035,0.018050726503133774,-0.04371592402458191,-0.03880222886800766
2206,197697930,-0.8612844944000244,-0.7237363457679749,-9.711335182189941,0.046837907284498215,-0.01564502902328968,-0.023911062628030777
2206,197698050,-0.8576592803001404,-0.734851062297821,-9.71935749053955,0.060731906443834305,-0.024615511298179626,-0.02429291605949402
2206,197698160,-0.8471018075942993,-0.7272178530693054,-9.71335220336914,0.08127691596746445,-0.04202989116311073,-0.03963378071784973
2206,197698270,-0.8455127477645874,-0.7366853952407837,-9.712743759155273,-0.006116502918303013,0.010443232953548431,0.018540192395448685
2206,197698370,-0.8611365556716919,-0.7212599515914917,-9.711202621459961,0.08822614699602127,-0.03331645950675011,-0.04170660302042961
2206,197698470,-0.8613595366477966,-0.7212824821472168,-9.71622085571289,0.09751030057668686,-0.05259387567639351,-0.02857692539691925
2206,197698590,-0.8549677729606628,-0.7279608249664307,-9.71633243560791,0.02513756789267063,-0.014444602653384209,-0.055632852017879486
2206,197698690,-0.8595831394195557,-0.7179592847824097,-9.714871406555176,-0.004256275948137045,-0.041480325162410736,-0.04121708869934082
2206,197698810,-0.8580500483512878,-0.7313498854637146,-9.717487335205078,0.0934203490614891,-0.060116957873106,-0.010961981490254402
2206,197698920,-0.8529374599456787,-0.7271159291267395,-9.70811653137207,0.028607606887817383,0.004477075766772032,-0.0038998262025415897
2206,197699020,-0.8644063472747803,-0.720950186252594,-9.70943832397461,0.07629774510860443,-0.04560249671339989,-0.03516240045428276
2206,197699130,-0.8542526364326477,-0.7272879481315613,-9.714082717895508,0.02839823253452778,-0.003994073253124952,-0.025524260476231575
2206,197699240,-0.8567072749137878,-0.7244626879692078,-9.715987205505371,0.052128296345472336,-0.05809180438518524,-0.0005931992782279849
2206,197699350,-0.8512346744537354,-0.7277688384056091,-9.71348762512207,0.04628727212548256,0.021473385393619537,-0.04677660018205643
2206,197699460,-0.8559304475784302,-0.7343302965164185,-9.717517852783203,0.10467435419559479,-0.07103410363197327,-0.039207082241773605
2206,197699570,-0.8590214848518372,-0.7304916977882385,-9.721480369567871,0.11320684850215912,0.033676259219646454,-0.00017266404756810516
2206,197699670,-0.8580535054206848,-0.7217496037483215,-9.716567039489746,0.0008425829000771046,-0.0358392708003521,0.008509247563779354
2206,197699790,-0.8608922958374023,-0.7283801436424255,-9.713051795959473,0.091901034116745,-0.01660098135471344,-0.04451785236597061
2206,197699900,-0.8578752875328064,-0.7358681559562683,-9.714717864990234,0.0819864422082901,-0.06934595108032227,-0.02792835421860218
2206,197700040,-0.8607736229896545,-0.7130365371704102,-9.712560653686523,-0.012602604925632477,-0.09865929186344147,-0.04322459548711777
2206,197700160,-0.863264799118042,-0.7161259651184082,-9.709863662719727,0.10491634160280228,-0.03261633217334747,0.0007664052536711097
2206,197700260,-0.8572516441345215,-0.7168264389038086,-9.708757400512695,-0.033136945217847824,-0.0312357097864151,-0.029357997700572014
2206,197700380,-0.8620716333389282,-0.7268097996711731,-9.71406078338623,0.11702097952365875,-0.08857562392950058,-0.06682446599006653
2206,197700490,-0.8544917702674866,-0.7245909571647644,-9.706520080566406,0.11100555211305618,-0.06605767458677292,-0.0008394260657951236
2206,197700610,-0.847511351108551,-0.7345854640007019,-9.713553428649902,-2.5020402972586453e-05,-0.027630450204014778,-0.047636277973651886
2206,197700740,-0.8558717966079712,-0.7304823994636536,-9.721035957336426,-0.014687501825392246,0.03005809523165226,0.007347749546170235
2206,197700850,-0.8601003885269165,-0.7335602641105652,-9.716082572937012,-0.057328540831804276,-0.047558777034282684,0.026548007503151894
2206,197700960,-0.8494484424591064,-0.7319592237472534,-9.713410377502441,-0.00729134026914835,-0.0580705963075161,-0.05206463858485222
2206,197701060,-0.858324408531189,-0.7305412888526917,-9.716300010681152,-0.03420180827379227,-0.02380266971886158,-0.03076448291540146
2206,197701170,-0.853801429271698,-0.7291359305381775,-9.710077285766602,0.025127138942480087,-0.01225750520825386,0.01213853806257248
2206,197701270,-0.8557121753692627,-0.7243516445159912,-9.717745780944824,0.11352428048849106,-0.015085693448781967,-0.023303700610995293
2206,197701380,-0.8557101488113403,-0.7337462902069092,-9.709821701049805,0.012588615529239178,0.03680873662233353,0.0157852191478014
2206,197701490,-0.8561580181121826,-0.7336477041244507,-9.716424942016602,0.046348124742507935,-0.06209338456392288,-0.03087029792368412
2206,197701600,-0.8518689870834351,-0.7299398183822632,-9.718642234802246,0.014787151478230953,-0.02193482220172882,-0.020958904176950455
2206,197701710,-0.8611888885498047,-0.7366123795509338,-9.702882766723633,0.08494479209184647,0.008115135133266449,-0.057709161192178726
2206,197701810,-0.8820034861564636,-0.7332059741020203,-9.709288597106934,-0.07704267650842667,-0.012011517770588398,-0.004444515332579613
2206,197701930,-0.8543575406074524,-0.7312660217285156,-9.72280502319336,0.04936860501766205,-0.13205602765083313,-0.03713484853506088
2206,197702050,-0.8602375984191895,-0.7242799401283264,-9.715256690979004,0.00803567748516798,-0.010937804356217384,-0.02117116004228592
2206,197702170,-0.8582814335823059,-0.7263632416725159,-9.717653274536133,0.05294535309076309,0.003159027546644211,-0.029463982209563255
2206,197702270,-0.8619588017463684,-0.7176166772842407,-9.705161094665527,0.08856833726167679,-0.10929857939481735,-0.012008464895188808
2206,197702380,-0.8499847054481506,-0.7186120748519897,-9.71157169342041,-0.18624234199523926,0.04498235508799553,-0.004396919161081314
2206,197702500,-0.8606846928596497,-0.7259038686752319,-9.705361366271973,0.19873321056365967,-0.09077366441488266,-0.050778407603502274
2206,197702600,-0.8649135231971741,-0.7225823402404785,-9.706942558288574,0.07556107640266418,-0.0670422613620758,-0.01951565407216549
2206,197702720,-0.8480111956596375,-0.7192016839981079,-9.716268539428711,0.1361655592918396,-0.09760721027851105,-0.03749991953372955
2206,197702840,-0.8547562956809998,-0.7397159337997437,-9.710467338562012,0.07324262708425522,-0.011043366976082325,-0.029829116538167
2206,197702970,-0.8566790819168091,-0.7308341860771179,-9.71390151977539,0.14539562165737152,-0.10325141251087189,-0.005330268759280443
2206,197703080,-0.857538640499115,-0.7260880470275879,-9.713260650634766,-0.05225779116153717,-0.01995394565165043,0.014276892878115177
2206,197703190,-0.8585542440414429,-0.7137649059295654,-9.721842765808105,-0.012904134579002857,-0.01584564708173275,0.018863070756196976
2206,197703300,-0.8553433418273926,-0.7161561846733093,-9.69912052154541,0.07515615969896317,-0.029912833124399185,-0.026920799165964127
2206,197703410,-0.8593775629997253,-0.7274414896965027,-9.720155715942383,-0.09716027230024338,0.016288571059703827,0.018834814429283142
2206,197703540,-0.8290311694145203,-0.7241567969322205,-9.69749927520752,0.19328352808952332,-0.07498873025178909,-0.0232901219278574
2206,197703640,-0.8518355488777161,-0.5832849144935608,-9.726892471313477,0.6990035772323608,-0.5365647077560425,0.12678031623363495
2206,197703750,-0.79544997215271,-0.6375914216041565,-9.794744491577148,-3.225184917449951,1.1276755332946777,-0.20518451929092407
2206,197703870,-2.0832579135894775,-0.403300404548645,-9.503929138183594,-34.95299530029297,-30.857948303222656,-26.4320125579834
2206,197703980,-2.8992934226989746,1.793919324874878,-11.789562225341797,-38.18679428100586,-1.1975525617599487,-14.291799545288086
2206,197704090,-1.0437344312667847,-0.18480226397514343,-9.822312355041504,-2.493903160095215,74.06608581542969,-25.053268432617188
2206,197704210,-0.380543977022171,-0.36379095911979675,-9.836220741271973,24.792545318603516,109.83795928955078,-32.41407775878906
2206,197704310,1.9933748245239258,0.3095802366733551,-7.663531303405762,-11.422240257263184,107.30005645751953,19.206192016601562
2206,197704420,4.171025276184082,-0.27447056770324707,-6.28457498550415,15.998129844665527,99.80951690673828,-29.134370803833008
2206,197704530,6.1472859382629395,0.626251757144928,-7.078323841094971,9.155786514282227,2.5670971870422363,-31.576351165771484
2206,197704630,5.2417311668396,3.9658005237579346,-8.938755989074707,19.301210403442383,26.082874298095703,-0.34284621477127075
2206,197704740,6.87109899520874,1.7987390756607056,-7.424928665161133,-21.143110275268555,12.197759628295898,59.26906967163086
2206,197704860,6.891782283782959,-1.8765963315963745,-6.517671585083008,-44.97970962524414,-21.656604766845703,58.22102355957031
2206,197704970,6.433976650238037,-2.0061278343200684,-8.310240745544434,-10.620826721191406,-44.38431930541992,22.50391960144043
2206,197705090,4.369590759277344,-0.6210125088691711,-7.770789623260498,-0.4060252010822296,-17.264345169067383,-47.989112854003906
2206,197705190,2.988847255706787,2.0868241786956787,-7.768317222595215,17.113271713256836,-29.91859245300293,-54.69961166381836
2206,197705300,2.9109890460968018,3.244163990020752,-7.238058567047119,-17.57847785949707,-54.216278076171875,-35.35398864746094
2206,197705410,1.4559118747711182,2.6759707927703857,-9.76231861114502,-67.918212890625,-89.4002685546875,-18.4055233001709
2206,197705530,-1.598432183265686,4.048280715942383,-9.573225021362305,-17.186935424804688,-0.6962198615074158,111.25016021728516
2206,197705630,-0.5165436267852783,3.8656511306762695,-12.030023574829102,9.501006126403809,-37.820335388183594,134.0657501220703
2206,197705760,0.5385906100273132,-2.821409225463867,-7.929203987121582,64.14453125,20.973508834838867,128.1110382080078
2206,197705880,0.4324234127998352,-5.393277168273926,-8.708157539367676,73.06791687011719,-125.50180053710938,-14.979938507080078
2206,197705990,-0.7479803562164307,-3.154818058013916,-10.359688758850098,12.510462760925293,-35.26102066040039,-46.60861587524414
2206,197706110,0.018635692074894905,-2.844876527786255,-8.209393501281738,29.17644691467285,14.88657283782959,-73.37203216552734
2206,197706220,-0.5536242723464966,-3.3740885257720947,-8.705412864685059,8.449792861938477,-45.00421905517578,-147.5537567138672
2206,197706330,0.050523389130830765,-0.3116939961910248,-10.123590469360352,-11.899821281433105,-47.094417572021484,-112.87787628173828
2206,197706440,0.15888969600200653,-3.6260759830474854,-8.575301170349121,-5.3482489585876465,20.471975326538086,-34.313499450683594
2206,197706570,0.8125529289245605,-3.4996416568756104,-7.569106578826904,31.83536148071289,-14.838869094848633,-47.61426544189453
2206,197706690,-0.041279688477516174,-2.7057721614837646,-8.966400146484375,0.618186891078949,-62.98347091674805,-32.928096771240234
2206,197706810,-0.6583407521247864,-2.2881407737731934,-9.523763656616211,4.752797603607178,-23.536725997924805,0.6055478453636169
2206,197706920,-1.9585541486740112,-2.6030683517456055,-8.67455005645752,1.620657205581665,-44.714141845703125,13.304430961608887
2206,197707040,-2.119581937789917,-3.8073432445526123,-8.27043342590332,34.31993865966797,14.437409400939941,36.776451110839844
2206,197707140,-0.14323973655700684,-4.618075847625732,-9.185977935791016,29.855850219726562,27.60280418395996,12.897093772888184
2206,197707250,-0.43469691276550293,-3.9182088375091553,-9.251660346984863,8.16528034210205,-6.322321891784668,12.40241813659668
2206,197707370,-1.6432840824127197,-1.0670785903930664,-9.057538986206055,-24.65474510192871,-20.404815673828125,29.890506744384766
2206,197707480,-1.306187391281128,-4.763077259063721,-8.504493713378906,-62.74674987792969,9.819740295410156,9.115096092224121
2206,197707590,-1.9831995964050293,-1.614935040473938,-11.893607139587402,-38.16483688354492,35.994022369384766,20.484878540039062
2206,197707700,-0.4362812638282776,-3.1253981590270996,-10.167038917541504,-22.805992126464844,0.4324456453323364,19.22324562072754
2206,197707810,-1.5362290143966675,-0.7186000943183899,-10.612993240356445,-112.35179901123047,-57.28102111816406,-19.936445236206055
2206,197707920,-0.9516618847846985,-1.0273849964141846,-7.982867240905762,-64.176025390625,-15.842480659484863,22.06682586669922
2206,197708030,-1.0490304231643677,-1.927118182182312,-9.87144947052002,10.003179550170898,2.629228115081787,24.935548782348633
2206,197708150,-1.1710518598556519,-1.8364819288253784,-9.517215728759766,2.3122129440307617,-0.44981810450553894,-75.698486328125
2206,197708250,-1.096590280532837,2.7868363857269287,-9.632564544677734,1.0500688552856445,0.33519047498703003,15.604026794433594
2206,197708380,-0.3106231391429901,0.27458417415618896,-9.780555725097656,0.10579146444797516,-0.071407750248909,0.006328143645077944
2206,197708490,-0.30364924669265747,0.2746855616569519,-9.771566390991211,0.24150553345680237,-0.11115151643753052,-0.08805035054683685
2206,197708600,-0.38620907068252563,0.3354954719543457,-9.934739112854004,3.0034830570220947,-4.870197296142578,-28.82686424255371
2206,197708720,-0.08390608429908752,-0.25668466091156006,-9.705972671508789,0.5738734602928162,-0.3173105716705322,-1.2599724531173706
2206,197708840,-0.8996681571006775,0.46805769205093384,-9.722994804382324,-0.7019705772399902,2.3719210624694824,5.876607894897461
2206,197708960,-0.1738051474094391,0.29676613211631775,-9.64863395690918,0.7466720342636108,-1.264131784439087,0.4724195897579193
2206,197709060,-0.32773128151893616,-1.3700917959213257,-10.003714561462402,14.355780601501465,-36.67951583862305,26.13278579711914
2206,197709170,-0.8562965989112854,-0.25762781500816345,-10.174687385559082,0.4599792957305908,-7.532552719116211,-9.54368782043457
2206,197709290,-0.6380021572113037,-0.12032624334096909,-9.635408401489258,-4.383838176727295,3.0056824684143066,1.9859105348587036
2206,197709400,-0.6401090025901794,1.0336681604385376,-6.343967437744141,34.162086486816406,-9.227084159851074,2.8012583255767822
2206,197709510,-1.4583244323730469,-0.28813669085502625,-9.07106876373291,-0.8570865988731384,-5.417665481567383,-18.96379852294922
2206,197709620,0.21677611768245697,-0.3370615541934967,-10.768990516662598,-3.600487232208252,9.157392501831055,-15.465904235839844
2206,197709720,-0.35303807258605957,0.29285866022109985,-11.640003204345703,-61.977108001708984,26.300893783569336,-18.23948097229004
2206,197709830,-0.18661516904830933,1.0538166761398315,-8.469657897949219,41.14570999145508,-14.309041023254395,13.753432273864746
2206,197709940,-0.4660704433917999,0.4739125072956085,-9.46589183807373,0.6055853962898254,-8.902987480163574,-4.6443867683410645
2206,197710050,-0.544719398021698,0.06558538228273392,-9.84890079498291,-4.902714252471924,-6.4864606857299805,-18.244112014770508
2206,197710160,-0.9077251553535461,0.5861428380012512,-9.588109970092773,0.9157166481018066,5.294138431549072,-9.672440528869629
2206,197710260,-0.4149540960788727,0.5115687847137451,-9.707194328308105,-1.2563496828079224,-2.862546443939209,-15.311132431030273
2206,197710370,-0.5098971128463745,0.6127317547798157,-9.595667839050293,-0.4941229820251465,3.7196013927459717,-8.032896995544434
2206,197710470,-0.9866963028907776,0.08998384326696396,-9.935302734375,-0.41825366020202637,1.8270434141159058,-0.03262915462255478
2206,197710580,-0.3168008327484131,0.4701707661151886,-9.880748748779297,0.5943959355354309,6.965184211730957,0.9137918949127197
2206,197710690,0.40863800048828125,0.30257031321525574,-10.173416137695312,1.75937020778656,-9.787986755371094,-2.6040403842926025
2206,197710790,-0.20626556873321533,-0.025059623643755913,-9.208946228027344,68.0202407836914,22.388717651367188,19.03253173828125
2206,197710900,0.7779811024665833,-1.2722452878952026,-7.6662468910217285,-10.527679443359375,-9.955222129821777,11.768803596496582
2206,197711000,0.005098638124763966,-1.390946865081787,-5.492035865783691,52.17657470703125,47.43302917480469,10.808109283447266
2206,197711110,-0.8972120881080627,-1.0123445987701416,-7.369204998016357,5.466218948364258,26.14908790588379,4.217134952545166
2206,197711220,-0.22850048542022705,0.40441906452178955,-9.738458633422852,-0.09112013876438141,0.677621603012085,4.526392459869385
2206,197711320,-0.6507276892662048,0.6417227387428284,-10.07724380493164,9.605718612670898,-1.2660075426101685,30.804719924926758
2206,197711430,0.13276195526123047,0.29695940017700195,-9.501640319824219,2.5515592098236084,-0.8445472121238708,28.239768981933594
2206,197711530,0.3834157884120941,0.2968766391277313,-9.885055541992188,1.2004402875900269,0.003264139173552394,1.5169997215270996
2206,197711640,-0.02382897585630417,0.1911838799715042,-9.796069145202637,0.23253434896469116,-0.008728737942874432,-0.045522596687078476
2206,197711750,-0.021373899653553963,0.19125996530056,-9.787703514099121,0.14682523906230927,-0.0778130367398262,-0.032177962362766266
2206,197711860,-0.02916215918958187,0.18681006133556366,-9.776056289672852,0.11404945701360703,-0.052125148475170135,-0.01579468511044979
2206,197711970,-0.022303307428956032,0.18812775611877441,-9.781604766845703,0.08257272094488144,-0.022871656343340874,0.01241610012948513
2206,197712080,-0.022713756188750267,0.17976172268390656,-9.78349781036377,0.08508668094873428,0.0024655014276504517,0.01760915480554104
2206,197712190,-0.024431247264146805,0.18659435212612152,-9.775640487670898,0.04650865122675896,-0.023223521187901497,-0.012075758539140224
2206,197712300,-0.024281904101371765,0.1827019900083542,-9.779537200927734,0.06571770459413528,-0.06151951476931572,-0.007881894707679749
2206,197712400,-0.025425653904676437,0.19244925677776337,-9.774072647094727,0.024777797982096672,-0.03705046698451042,-0.03513086587190628
2206,197712510,-0.01788836345076561,0.1796981543302536,-9.764761924743652,0.04623430594801903,-0.07319308072328568,-0.007507248315960169
2206,197712630,-0.01689034327864647,0.18088044226169586,-9.783110618591309,0.01134283933788538,0.02525016851723194,-0.06109220162034035
2206,197712730,-0.02260364405810833,0.18259258568286896,-9.763814926147461,0.02801579423248768,-0.006648121867328882,-0.01883435621857643
2206,197712840,-0.016971835866570473,0.19504791498184204,-9.766679763793945,0.020504005253314972,-0.005270418245345354,-0.03800102695822716
2206,197712950,-0.024920020252466202,0.17631830275058746,-9.772629737854004,0.01453616376966238,-0.031012417748570442,-0.015135335735976696
2206,197713060,-0.017952261492609978,0.18210941553115845,-9.76768684387207,0.03318938612937927,-0.03604903817176819,-0.04561595991253853
2206,197713170,-0.017605595290660858,0.18270695209503174,-9.778828620910645,0.0614803321659565,0.03560270741581917,-0.06719273328781128
2206,197713290,-0.02324296161532402,0.17459793388843536,-9.779264450073242,0.03496884927153587,-0.04101656749844551,0.006988096050918102
2206,197713400,-0.01449520606547594,0.17765890061855316,-9.783199310302734,0.06508824974298477,-0.031155234202742577,-0.012835528701543808
2206,197713510,-0.0203907061368227,0.17608755826950073,-9.773324012756348,0.027228588238358498,0.004415457136929035,0.004304359667003155
2206,197713630,-0.017209062352776527,0.18031716346740723,-9.782747268676758,0.04013789817690849,-0.020303260535001755,0.005104155279695988
2206,197713730,-0.0026577378157526255,0.18343885242938995,-9.752506256103516,-0.0005257303128018975,-0.1545192152261734,-0.002380137564614415
2206,197713840,-0.014602729119360447,0.1684604436159134,-9.775192260742188,0.07971873879432678,-0.015268838033080101,-0.005887340288609266
2206,197713950,-0.025405585765838623,0.1734394133090973,-9.785887718200684,0.03186926245689392,0.02772032469511032,0.029249465093016624
2206,197714070,-0.012571722269058228,0.18053396046161652,-9.767068862915039,0.038830921053886414,-0.09285826236009598,0.0009210516582243145
2206,197714180,-0.020665157586336136,0.16684162616729736,-9.79357624053955,0.02458875998854637,-0.007287018001079559,-0.010936236940324306
2206,197714290,-0.025861669331789017,0.17601151764392853,-9.773717880249023,0.01837995834648609,-0.05542204901576042,-0.03550048917531967
2206,197714420,-0.018574289977550507,0.17711853981018066,-9.771245956420898,0.06083311885595322,-0.09483088552951813,0.02464291825890541
2206,197714540,-0.017133107408881187,0.16396209597587585,-9.775832176208496,0.05567590519785881,-0.020650222897529602,-0.03503410890698433
2206,197714670,-0.023767855018377304,0.1750774085521698,-9.774709701538086,0.09113603830337524,-0.005247181281447411,-0.012119555845856667
2206,197714770,-0.0272226519882679,0.16863468289375305,-9.777287483215332,0.04428485035896301,-0.09545359760522842,0.018663648515939713
2206,197714890,-0.007776284124702215,0.18516147136688232,-9.789806365966797,0.04846944659948349,-0.026744848117232323,-0.06479880213737488
2206,197715010,-0.027944598346948624,0.16872750222682953,-9.76351547241211,0.03598768636584282,-0.03283856064081192,-0.04361005872488022
2206,197715110,-0.022761108353734016,0.17587563395500183,-9.773180961608887,0.02644343487918377,-0.07402610033750534,-0.002215312561020255
2206,197715220,-0.020616335794329643,0.18099860846996307,-9.777292251586914,0.023617025464773178,-0.019052518531680107,-0.04000420495867729
2206,197715330,-0.022704705595970154,0.1770922988653183,-9.768549919128418,-0.003628555918112397,0.004773581866174936,-0.012839862145483494
2206,197715450,-0.01834009401500225,0.17437909543514252,-9.772640228271484,0.046016499400138855,-0.027967307716608047,-0.04727385938167572
2206,197715560,-0.01693188212811947,0.18281736969947815,-9.77574348449707,0.06259971857070923,-0.05990460887551308,-0.019810782745480537
2206,197715670,-0.0273301862180233,0.17208503186702728,-9.767435073852539,0.03378692641854286,0.0009217587066814303,-0.0008139180717989802
2206,197715780,-0.021869491785764694,0.1789584904909134,-9.77106761932373,0.07263524830341339,-0.09434057772159576,-0.0034033735282719135
2206,197715900,-0.023285480216145515,0.17185743153095245,-9.772682189941406,0.01748974248766899,-0.053779784590005875,0.005499526392668486
2206,197716010,-0.02297808788716793,0.17150674760341644,-9.7888822555542,0.08803855627775192,-0.03312228247523308,0.0011996953980997205
2206,197716130,-0.015527615323662758,0.1775832325220108,-9.774285316467285,0.024410462006926537,-0.035918258130550385,-0.0258278027176857
2206,197716260,-0.01853499375283718,0.17455971240997314,-9.769758224487305,0.008618698455393314,0.004346678964793682,0.010098232887685299
2206,197716370,-0.02402464859187603,0.17586785554885864,-9.770112991333008,-0.03440746292471886,-0.0639190673828125,-0.00783949438482523
2206,197716490,-0.02138163335621357,0.17290467023849487,-9.77995491027832,0.07931233197450638,-0.06710533052682877,-0.009939282201230526
2206,197716610,-0.01570071280002594,0.16788442432880402,-9.775513648986816,0.02815309353172779,-0.05877077579498291,-0.018657466396689415
2206,197716720,-0.016148094087839127,0.16942943632602692,-9.781233787536621,-0.017492305487394333,-0.03896380960941315,0.01481012161821127
2206,197716840,-0.020242298021912575,0.1752353459596634,-9.77476978302002,0.08231121301651001,-0.06997526437044144,-0.02037164196372032
2206,197716950,-0.015579677186906338,0.17513464391231537,-9.778719902038574,0.0475524365901947,-0.045506641268730164,-0.02387467958033085
2206,197717060,-0.027083393186330795,0.17310082912445068,-9.77845573425293,0.07372298091650009,0.014271534979343414,-0.018308453261852264
2206,197717180,-0.01621040515601635,0.1690017580986023,-9.777115821838379,0.06561315804719925,-0.02056434564292431,-0.03649355471134186
2206,197717300,-0.022313160821795464,0.17031490802764893,-9.77130126953125,0.03281251713633537,-0.10963154584169388,-0.004865442402660847
2206,197717430,-0.013758811168372631,0.1658097505569458,-9.779191017150879,0.01513771340250969,0.0023812782019376755,-0.05365751311182976
2206,197717540,-0.01654718443751335,0.1675753891468048,-9.77760124206543,0.04009035974740982,-0.03592900186777115,-0.011394809931516647
2206,197717650,-0.021520333364605904,0.16393233835697174,-9.773353576660156,0.06382349133491516,-0.011623719707131386,0.017459889873862267
2206,197717770,-0.021997248753905296,0.17224076390266418,-9.786711692810059,0.002889141207560897,0.02209230326116085,-0.02989855222404003
2206,197717880,-0.029455212876200676,0.17050552368164062,-9.777924537658691,0.030722830444574356,-0.11421642452478409,0.008011791855096817
2206,197718000,-0.018622901290655136,0.16984643042087555,-9.764415740966797,-0.0030110396910458803,-0.010257129557430744,-0.059967946261167526
2206,197718120,-0.019605055451393127,0.16857682168483734,-9.776351928710938,0.0782160609960556,-0.004010861739516258,-0.029548421502113342
2206,197718230,-0.018824173137545586,0.16472001373767853,-9.774903297424316,0.018068041652441025,-0.0921846553683281,-0.029150821268558502
2206,197718330,-0.01644791103899479,0.16757522523403168,-9.774529457092285,0.0025104547385126352,-0.050692107528448105,0.009076900780200958
2206,197718460,-0.01823795959353447,0.1652160882949829,-9.781291961669922,0.023068953305482864,-0.04841029644012451,-0.040977172553539276
2206,197718570,-0.020408550277352333,0.17214730381965637,-9.778761863708496,0.026825182139873505,-0.05876149237155914,0.007237314246594906
2206,197718680,-0.017568200826644897,0.16737575829029083,-9.777244567871094,0.08143290877342224,-0.03770841285586357,0.015278425998985767
2206,197718790,-0.018208835273981094,0.16749608516693115,-9.769674301147461,0.03480399772524834,-0.08509698510169983,0.012083918787539005
2206,197718900,-0.016379527747631073,0.17902691662311554,-9.786835670471191,0.05292699486017227,-0.003393556922674179,-0.052424538880586624
2206,197719010,-0.01631397008895874,0.17136512696743011,-9.792451858520508,0.07556970417499542,-0.052423156797885895,0.02280386909842491
2206,197719150,-0.018917353823781013,0.17100758850574493,-9.769865036010742,0.03289224952459335,-0.06108921021223068,-0.015661858022212982
2206,197719270,-0.017710920423269272,0.16240845620632172,-9.781949996948242,0.05181189998984337,-0.06253889203071594,-0.026575030758976936
2206,197719390,-0.012778370641171932,0.17202605307102203,-9.77413558959961,0.04338906332850456,-0.005616169888526201,0.007019230164587498
2206,197719500,-0.0165838822722435,0.17741163074970245,-9.775300979614258,0.0013220368418842554,-0.014109860174357891,-0.013008113950490952
2206,197719620,-0.026413902640342712,0.16610248386859894,-9.777432441711426,0.03736167401075363,0.022639162838459015,-0.03533761948347092
2206,197719740,-0.02077866531908512,0.16973571479320526,-9.769330978393555,0.02474173717200756,-0.02635803632438183,-0.033092252910137177
2206,197719850,-0.020087014883756638,0.17510662972927094,-9.77552318572998,0.007100777700543404,-0.05578962713479996,-0.026126939803361893
2206,197719960,-0.021191107109189034,0.17362570762634277,-9.775426864624023,0.019767507910728455,-0.06403003633022308,-0.06489043682813644
2206,197720070,-0.03071029856801033,0.16744612157344818,-9.774595260620117,0.07124056667089462,-0.07638788968324661,0.004021709319204092
2206,197720170,-0.027373377233743668,0.16966669261455536,-9.769353866577148,0.03966169431805611,-0.029412809759378433,-0.017293691635131836
2206,197720280,-0.021758589893579483,0.16403838992118835,-9.777206420898438,0.016286706551909447,-0.12203788757324219,-0.004278171341866255
2206,197720390,-0.016038641333580017,0.1648697555065155,-9.763775825500488,0.04532245546579361,-0.060716792941093445,-0.027196690440177917
2206,197720510,-0.0204280037432909,0.16667060554027557,-9.780795097351074,0.0268561951816082,-0.059665799140930176,0.012830233201384544
2206,197720610,-0.02516024559736252,0.1609722077846527,-9.765717506408691,0.025849588215351105,-0.000999225303530693,-0.055215612053871155
2206,197720730,-0.016270991414785385,0.16555017232894897,-9.774483680725098,0.04061761870980263,-0.03838792443275452,0.022063104435801506
2206,197720840,-0.025033945217728615,0.16440193355083466,-9.759614944458008,-0.05041822791099548,-0.03785577043890953,-0.020719675347208977
2206,197720950,-0.020401056855916977,0.16187357902526855,-9.782696723937988,0.04821570962667465,0.01734355092048645,-0.020632145926356316
2206,197721060,-0.005077089183032513,0.17460991442203522,-9.779922485351562,0.03891949728131294,-0.05381364747881889,0.0019160965457558632
2206,197721170,-0.016789475455880165,0.16663683950901031,-9.77905559539795,0.0315164253115654,-0.10234984755516052,-8.893753692973405e-05
2206,197721290,-0.01688828505575657,0.1652224361896515,-9.788196563720703,0.04538619518280029,-0.10589111596345901,-0.03404567018151283
2206,197721410,-0.02320944145321846,0.16703039407730103,-9.782286643981934,0.0673636868596077,-0.12092193216085434,0.03916630521416664
2206,197721530,-0.020686408504843712,0.17728844285011292,-9.779464721679688,-0.0247208159416914,-0.0572693757712841,0.032867301255464554
2206,197721650,-0.02344532310962677,0.16188929975032806,-9.777729034423828,0.02149714156985283,-0.026711059734225273,-0.008808300830423832
2206,197721770,-0.0172128826379776,0.16740375757217407,-9.776840209960938,0.06439384818077087,-0.0298259649425745,-0.06072293594479561
2206,197721900,-0.017601067200303078,0.16646240651607513,-9.779760360717773,-0.011458050459623337,-0.02762001007795334,-0.014553221873939037
2206,197722000,-0.01251397654414177,0.17164510488510132,-9.775849342346191,0.03036557324230671,0.012137393467128277,-0.026930639520287514
2206,197722120,-0.02451283670961857,0.17296507954597473,-9.777388572692871,0.06307286769151688,-0.04049805551767349,-0.032933756709098816
2206,197722240,-0.01955295167863369,0.1693514734506607,-9.770686149597168,0.01581287384033203,-0.016228381544351578,-0.00737514765933156
2206,197722350,-0.016383647918701172,0.17424756288528442,-9.773420333862305,0.023426078259944916,-0.0662161111831665,-0.007695128675550222
2206,197722460,-0.0252336747944355,0.17533381283283234,-9.766802787780762,0.050619013607501984,-0.042123012244701385,-0.009049677290022373
2206,197722570,-0.022513404488563538,0.17100143432617188,-9.76756763458252,0.040174998342990875,-0.029176106676459312,-0.025049908086657524
2206,197722680,-0.02346440590918064,0.1730128824710846,-9.771554946899414,0.020183665677905083,-0.022237468510866165,-0.01903350278735161
2206,197722810,-0.022641384974122047,0.1689578890800476,-9.777251243591309,0.040564145892858505,-0.06814725697040558,-0.025469429790973663
2206,197722930,-0.016035251319408417,0.16716739535331726,-9.773759841918945,0.0441698394715786,-0.03595466911792755,-0.037775758653879166
2206,197723040,-0.027381205931305885,0.1733950525522232,-9.782663345336914,0.06768493354320526,-0.011055056005716324,0.011138812638819218
2206,197723160,-0.02883893810212612,0.16693446040153503,-9.775495529174805,0.033868759870529175,-0.06925097852945328,-0.04951711744070053
2206,197723270,-0.023533567786216736,0.1689920276403427,-9.772740364074707,-0.015099137090146542,-0.059020958840847015,-0.006182848010212183
2206,197723380,-0.028813611716032028,0.1699000597000122,-9.78145980834961,0.045798975974321365,-0.07020049542188644,-0.06034446135163307
2206,197723490,-0.02171216532588005,0.17380718886852264,-9.778818130493164,-0.022944418713450432,-0.04353053867816925,-0.047602731734514236
2206,197723600,-0.027133408933877945,0.17125943303108215,-9.76783275604248,0.04328747093677521,-0.029243415221571922,0.021969560533761978
2206,197723710,-0.022642334923148155,0.17360475659370422,-9.775825500488281,-0.007268235087394714,-0.05719359591603279,-0.037251245230436325
2206,197723820,-0.02257728949189186,0.17408427596092224,-9.778154373168945,0.0874379500746727,-0.07854961603879929,0.045358140021562576
2206,197723930,-0.026110194623470306,0.16694673895835876,-9.782696723937988,0.0010046998504549265,0.019874798133969307,0.0038428818807005882
2206,197724050,-0.01774347387254238,0.1675754189491272,-9.773860931396484,0.01049510296434164,-0.008826308883726597,0.005926302168518305
2206,197724180,-0.01601994037628174,0.16507720947265625,-9.779144287109375,-0.013319236226379871,-0.017615027725696564,-0.027970943599939346
2206,197724310,-0.025641122832894325,0.16503575444221497,-9.769292831420898,0.10384365916252136,-0.05564751476049423,0.011125033721327782
2206,197724420,-0.021175455302000046,0.1683836579322815,-9.778020858764648,0.04236040264368057,-0.012259849347174168,-0.017567720264196396
2206,197724540,-0.01527328323572874,0.15915489196777344,-9.789253234863281,0.026953069493174553,-0.08249600976705551,-0.002396597759798169
2206,197724650,-0.013461125083267689,0.15993964672088623,-9.776796340942383,0.029117947444319725,-0.03783970698714256,0.007142537739127874
2206,197724770,-0.014865150675177574,0.1648816466331482,-9.782029151916504,0.036938656121492386,-0.1037326455116272,0.008554394356906414
2206,197724880,-0.02128429338335991,0.16729918122291565,-9.779309272766113,0.060363322496414185,-0.019539937376976013,-0.007244708016514778
2206,197724990,-0.022178534418344498,0.16412869095802307,-9.781306266784668,-0.02935495600104332,0.025326237082481384,-0.023735053837299347
2206,197725100,-0.01882356032729149,0.1698276400566101,-9.782146453857422,-0.024333886802196503,0.003172539407387376,-0.0341574028134346
2206,197725210,-0.023950863629579544,0.16438163816928864,-9.778112411499023,0.06787988543510437,-0.0470600351691246,-0.00533464876934886
2206,197725330,-0.014936113730072975,0.18173232674598694,-9.7741117477417,-0.07152111083269119,-0.04394233226776123,-0.005754388403147459
2206,197725450,-0.028699787333607674,0.15457269549369812,-9.772721290588379,0.015859998762607574,-0.04006253555417061,-0.011854019947350025
2206,197725570,-0.01178046502172947,0.16918028891086578,-9.779121398925781,0.04413363337516785,0.01622927561402321,0.02967514470219612
2206,197725690,-0.033614370971918106,0.14907239377498627,-9.77372932434082,0.0324937105178833,-0.02821783535182476,-0.03386152908205986
2206,197725830,-0.030185837298631668,0.15725485980510712,-9.773319244384766,0.04743916168808937,-0.09747856855392456,-0.06785856932401657
2206,197725940,-0.021243128925561905,0.16049155592918396,-9.784011840820312,0.03996225446462631,-0.036549169570207596,-0.0560755580663681
2206,197726050,-0.006226690951734781,0.1770082265138626,-9.781023025512695,-0.002204565331339836,-0.05002264305949211,-0.030395161360502243
2206,197726180,-0.029599055647850037,0.15628576278686523,-9.804007530212402,0.0461844727396965,0.03940396010875702,-0.013686034828424454
2206,197726300,-0.012945253401994705,0.19052347540855408,-9.780115127563477,0.020694343373179436,-0.0457313098013401,-0.014681241475045681
2206,197726410,-0.021870292723178864,0.15712927281856537,-9.747777938842773,-0.018133360892534256,-0.04390612244606018,-0.0028018883895128965
2206,197726530,-0.018214905634522438,0.17236900329589844,-9.78033447265625,0.014696569181978703,-0.04180891811847687,-0.04384655877947807
2206,197726640,-0.02481079287827015,0.16155874729156494,-9.7709379196167,0.04041432589292526,-0.029635511338710785,-0.0077397883869707584
2206,197726760,-0.03628121688961983,0.1435614675283432,-9.763956069946289,-0.014998960308730602,-0.04869187995791435,-0.014007722027599812
2206,197726880,-0.015521494671702385,0.16838321089744568,-9.789952278137207,0.03403976932168007,-0.031103236600756645,0.007798032369464636
2206,197726990,-0.025246424600481987,0.15839992463588715,-9.780423164367676,0.020419958978891373,-0.03671470656991005,-0.011603321880102158
2206,197727110,-0.032091639935970306,0.164015531539917,-9.765913963317871,-0.0028248680755496025,-0.02720162831246853,-0.015923788771033287
2206,197727230,-0.018439140170812607,0.17237256467342377,-9.777063369750977,0.025846561416983604,-0.0791553258895874,0.013458061963319778
2206,197727330,-0.023376943543553352,0.16847527027130127,-9.779219627380371,0.03413593769073486,-0.05127555876970291,0.006224426906555891
2206,197727450,-0.024889875203371048,0.16026534140110016,-9.771729469299316,0.020957807078957558,-0.0659949854016304,-0.04872164502739906
2206,197727560,-0.017146356403827667,0.1717972606420517,-9.782191276550293,0.03690380975604057,-0.07168905436992645,-0.004993936978280544
2206,197727670,-0.033401813358068466,0.1594153642654419,-9.768064498901367,0.0998435914516449,0.004646826535463333,0.015403742901980877
2206,197727780,-0.02549399435520172,0.16546694934368134,-9.76586627960205,0.0048721847124397755,-0.007545781321823597,-0.014487968757748604
2206,197727910,-0.01573519967496395,0.16587130725383759,-9.774234771728516,-0.03386058658361435,-0.032689452171325684,0.0025645808782428503
2206,197728030,-0.021112091839313507,0.1630254089832306,-9.77771282196045,0.019206376746296883,-0.08690877258777618,0.016264017671346664
2206,197728150,-0.016871483996510506,0.17090897262096405,-9.771940231323242,-0.013162483461201191,-0.0098878163844347,-0.01599823124706745
2206,197728260,-0.019828669726848602,0.1701107621192932,-9.774357795715332,0.0721421092748642,-0.05559099093079567,-0.0503113828599453
2206,197728370,-0.020912516862154007,0.1658758819103241,-9.77331829071045,0.0319749154150486,-0.05990973860025406,-0.03079104609787464
2206,197728490,-0.023088067770004272,0.16518236696720123,-9.779131889343262,-0.02248035930097103,-0.06935301423072815,-0.022234193980693817
2206,197728600,-0.02204049378633499,0.16062359511852264,-9.773750305175781,0.07307403534650803,-0.13356035947799683,-0.03083837404847145
2206,197728720,-0.017908331006765366,0.1684383749961853,-9.78296184539795,0.013764638453722,-0.02998591773211956,-0.04425296187400818
2206,197728830,-0.017039697617292404,0.16334357857704163,-9.768817901611328,0.02703944407403469,-0.0826689749956131,-0.019125673919916153
2206,197728960,-0.016831718385219574,0.17137596011161804,-9.773956298828125,0.04462392255663872,-0.018338946625590324,-0.057846151292324066
2206,197729070,-0.020450808107852936,0.1624939739704132,-9.775938034057617,0.047863371670246124,0.01502495538443327,-0.031343214213848114
2206,197729190,-0.022077877074480057,0.17099051177501678,-9.768943786621094,0.017792455852031708,-0.054385628551244736,0.0007080968352966011
2206,197729310,-0.01890173740684986,0.161746546626091,-9.778838157653809,0.012469158507883549,-0.13026395440101624,-0.02541355974972248
2206,197729420,-0.01937798596918583,0.1649182140827179,-9.783422470092773,0.05755816400051117,-0.042369868606328964,-0.02029041200876236
2206,197729530,-0.018889350816607475,0.1642398089170456,-9.784173011779785,0.026923270896077156,-0.02931312471628189,-0.029656725004315376
2206,197729650,-0.020236503332853317,0.1637864112854004,-9.78007984161377,0.03628946840763092,-0.06628119945526123,0.0027507320046424866
2206,197729760,-0.015020672231912613,0.16530853509902954,-9.772543907165527,0.016488023102283478,-0.01809842698276043,-0.017032524570822716
2206,197729860,-0.015101434662938118,0.16300123929977417,-9.774389266967773,0.04845619946718216,-0.09020378440618515,-0.020023824647068977
2206,197729970,-0.02339639887213707,0.15686668455600739,-9.78001594543457,0.03545200079679489,-0.05785564333200455,0.054839715361595154
2206,197730080,-0.014233807101845741,0.1612149477005005,-9.780061721801758,0.04717044532299042,0.008444658480584621,-0.01967068389058113
2206,197730190,-0.018646564334630966,0.16194161772727966,-9.78215503692627,0.049368176609277725,-0.02113325148820877,0.02121708169579506
2206,197730300,-0.02187923528254032,0.158768430352211,-9.779302597045898,0.07805797457695007,-0.06349878013134003,-0.009328339248895645
2206,197730410,-0.013281929306685925,0.1610678881406784,-9.782644271850586,0.09554644674062729,-0.009757839143276215,-0.044353220611810684
2206,197730530,-0.017796669155359268,0.16172312200069427,-9.773988723754883,0.019113533198833466,-0.07780086249113083,-0.0009421625873073936
2206,197730640,-0.01980776898562908,0.16162724792957306,-9.780928611755371,0.05564776435494423,-0.02288585528731346,-0.06185750290751457
2206,197730750,-0.02019856683909893,0.16361138224601746,-9.777823448181152,0.0022247107699513435,0.017328999936580658,0.03055228292942047
2206,197730870,-0.021278081461787224,0.166416734457016,-9.776710510253906,0.03575979918241501,-0.0251039806753397,0.030259806662797928
2206,197730980,-0.02652451954782009,0.16389700770378113,-9.781614303588867,0.01949545182287693,-0.0212605781853199,-0.028282945975661278
2206,197731090,-0.022615309804677963,0.16995219886302948,-9.768708229064941,0.0009065942140296102,-0.01706111803650856,-0.03556458652019501
2206,197731200,-0.021454891189932823,0.1623658686876297,-9.775810241699219,0.044407088309526443,-0.06046941131353378,0.04555533453822136
2206,197731320,-0.015499510802328587,0.17461155354976654,-9.775299072265625,0.042808711528778076,-0.032427750527858734,-0.022726615890860558
2206,197731430,-0.0246992539614439,0.1675981879234314,-9.769205093383789,0.024588745087385178,-0.04501515254378319,-0.011459426954388618
2206,197731540,-0.022287627682089806,0.16626021265983582,-9.779526710510254,0.03200149163603783,-0.06251024454832077,-0.03740132227540016
2206,197731660,-0.020507777109742165,0.1554848849773407,-9.768838882446289,0.05988544598221779,-0.09109009057283401,-0.006654567085206509
2206,197731770,-0.02504540979862213,0.16113805770874023,-9.77298641204834,0.04280155524611473,-0.07893730700016022,-0.00383176701143384
2206,197731890,-0.017484916374087334,0.16880501806735992,-9.779704093933105,0.03229197487235069,-0.09513047337532043,-0.008072086609899998
2206,197732010,-0.020870570093393326,0.16708743572235107,-9.768257141113281,0.008206352591514587,-0.042548101395368576,-0.05622619763016701
2206,197732130,-0.025487728416919708,0.16370977461338043,-9.773416519165039,-0.03525014594197273,-0.08079122006893158,-0.019483601674437523
2206,197732260,-0.015971343964338303,0.16312023997306824,-9.779853820800781,0.01752340979874134,-0.09884750097990036,-0.06641408801078796
2206,197732370,-0.015905003994703293,0.15750551223754883,-9.7788667678833,0.05661690607666969,-0.013386459089815617,-0.013017244637012482
2206,197732490,-0.01810276508331299,0.16753971576690674,-9.780485153198242,0.05975676327943802,-0.060826536267995834,-0.018501557409763336
2206,197732600,-0.01943366229534149,0.16021814942359924,-9.782821655273438,0.031366489827632904,-0.015082786791026592,-0.008623527362942696
2206,197732700,-0.013657121919095516,0.16437631845474243,-9.77911376953125,0.06865879148244858,-0.07252946496009827,-0.012472229078412056
2206,197732820,-0.02118503302335739,0.16182264685630798,-9.779241561889648,0.009217948652803898,-0.02484516054391861,0.015467723831534386
2206,197732930,-0.023867571726441383,0.16650959849357605,-9.780288696289062,0.061512235552072525,-0.07590290904045105,0.02881285920739174
2206,197733040,-0.015307743102312088,0.15912781655788422,-9.786766052246094,0.013475446030497551,-0.07070869952440262,-0.020814349874854088
2206,197733160,-0.026421643793582916,0.1679105907678604,-9.772629737854004,0.0162653848528862,-0.04321938380599022,-0.019089190289378166
2206,197733270,-0.021973440423607826,0.16458436846733093,-9.766822814941406,0.0179185401648283,-0.0818808376789093,-0.04871395602822304
2206,197733400,-0.017592331394553185,0.16248488426208496,-9.772771835327148,0.028091197833418846,0.009967563673853874,-0.007698509376496077
2206,197733510,-0.01728338561952114,0.16125193238258362,-9.7784423828125,-0.009578896686434746,-0.06215275451540947,-0.016541067510843277
2206,197733620,-0.01717327907681465,0.15992151200771332,-9.769135475158691,0.028856487944722176,-0.05931490287184715,0.003303206991404295
2206,197733740,-0.019472166895866394,0.15859557688236237,-9.784937858581543,0.03805830702185631,-0.053446054458618164,-0.03955822065472603
2206,197733850,-0.024229107424616814,0.16363200545310974,-9.783611297607422,0.061878886073827744,-0.024328572675585747,-0.0348183698952198
2206,197733960,-0.019450966268777847,0.14869587123394012,-9.77071475982666,0.0330764465034008,-0.03174556419253349,-0.019307060167193413
2206,197734080,-0.02150677517056465,0.17529849708080292,-9.780672073364258,-0.016515294089913368,-0.0807429850101471,0.004892861936241388
2206,197734200,-0.025130068883299828,0.1626519411802292,-9.77231216430664,0.06242746114730835,-0.09840437769889832,-0.00228625419549644
2206,197734310,-0.021451815962791443,0.16843895614147186,-9.777101516723633,0.0825432613492012,-0.0794471949338913,-0.026482243090867996
2206,197734420,-0.02536045014858246,0.16468630731105804,-9.769278526306152,0.0913122147321701,-0.035145681351423264,0.014311298727989197
2206,197734540,-0.029940228909254074,0.1639038324356079,-9.78103256225586,0.050991885364055634,-0.024828659370541573,-0.03085792437195778
2206,197734650,-0.018487023189663887,0.16281874477863312,-9.782010078430176,0.026030585169792175,-0.08116354793310165,-0.016918152570724487
2206,197734770,-0.02371317148208618,0.15918682515621185,-9.778278350830078,0.055801987648010254,-0.017664119601249695,-0.0415470153093338
2206,197734880,-0.017725057899951935,0.16009734570980072,-9.769244194030762,0.01970183663070202,-0.016000578179955482,-0.023050157353281975
2206,197734990,-0.01595555618405342,0.1625121831893921,-9.776056289672852,-0.030803389847278595,-0.016121618449687958,0.013705343008041382
2206,197735100,-0.017519578337669373,0.1668902039527893,-9.775935173034668,0.05566517636179924,-0.022291027009487152,-0.048247016966342926
2206,197735210,-0.018689868971705437,0.1621764749288559,-9.775981903076172,0.02617068774998188,-0.09710665047168732,-0.01751553826034069
2206,197735310,-0.024054381996393204,0.16464288532733917,-9.779592514038086,0.012300819158554077,-0.002748557599261403,0.017661474645137787
2206,197735430,-0.01376712042838335,0.16413456201553345,-9.771383285522461,-0.019566621631383896,-0.0476316437125206,-0.05740483105182648
2206,197735560,-0.02536570094525814,0.1620703637599945,-9.771044731140137,-0.009592399932444096,-0.07605969160795212,-0.012639166787266731
2206,197735680,-0.021150583401322365,0.16212663054466248,-9.772815704345703,0.005384599789977074,-0.025194961577653885,-0.04207734018564224
2206,197735800,-0.019410088658332825,0.1603853553533554,-9.77641773223877,0.02136141248047352,-0.015178526751697063,-0.02589486725628376
2206,197735910,-0.012776710093021393,0.164694681763649,-9.76861572265625,0.07377231121063232,-0.037305187433958054,-0.04251616820693016
2206,197736030,-0.019283298403024673,0.15710750222206116,-9.777347564697266,0.014460640959441662,0.03570917993783951,-0.017414530739188194
2206,197736140,-0.01862318441271782,0.1570773869752884,-9.769558906555176,0.015266817063093185,-0.04613202437758446,0.019673442468047142
2206,197736250,-0.012421137653291225,0.16094465553760529,-9.777952194213867,0.057265158742666245,-0.09844661504030228,-0.05392332375049591
2206,197736370,-0.029912563040852547,0.16332665085792542,-9.773449897766113,0.002199032111093402,-0.01707226037979126,-0.01602892018854618
2206,197736480,-0.020120514556765556,0.16853715479373932,-9.785638809204102,0.03937479853630066,-0.08320698887109756,0.013950765132904053
2206,197736600,-0.020369626581668854,0.16369062662124634,-9.770336151123047,0.06965846568346024,-0.07756083458662033,-0.0241539403796196
2206,197736710,-0.02245320752263069,0.15914417803287506,-9.79506778717041,0.077218197286129,-0.0748247504234314,-0.03157106786966324
2206,197736820,-0.026894673705101013,0.15693438053131104,-9.763500213623047,0.03325042873620987,-0.0574021115899086,-0.012594303116202354
2206,197736940,-0.015434518456459045,0.155946284532547,-9.780364036560059,0.04707872122526169,-0.0297479759901762,-0.016395442187786102
2206,197737080,-0.020635008811950684,0.16759662330150604,-9.77260971069336,0.044827815145254135,-0.07973768562078476,-0.028847314417362213
2206,197737190,-0.025850463658571243,0.1553151160478592,-9.770551681518555,0.0513986311852932,-0.04021206498146057,-0.03111065737903118
2206,197737320,-0.013045106083154678,0.16466820240020752,-9.78139591217041,0.048311036080121994,-0.03538341075181961,-0.035780906677246094
2206,197737440,-0.02142818085849285,0.16096994280815125,-9.776481628417969,-0.0071566468104720116,-0.05531376227736473,0.0009514440316706896
2206,197737550,-0.017850659787654877,0.1743367314338684,-9.764453887939453,-0.02973332814872265,-0.0009800187544897199,0.024127112701535225
2206,197737660,-0.023336589336395264,0.1620335429906845,-9.772848129272461,-0.01649802178144455,-0.05673700198531151,-0.029368912801146507
2206,197737780,-0.019737383350729942,0.16267728805541992,-9.772509574890137,0.006160864140838385,-0.0047241863794624805,-0.011065199971199036
2206,197737890,-0.02211657725274563,0.16297748684883118,-9.783267974853516,0.047999948263168335,-0.06572188436985016,-0.020080264657735825
2206,197738000,-0.026827750727534294,0.16500511765480042,-9.775277137756348,0.024235162883996964,-0.062110837548971176,-0.025840360671281815
2206,197738110,-0.024832021445035934,0.16479888558387756,-9.775596618652344,0.03501864895224571,-0.02117292582988739,-0.00780843710526824
2206,197738210,-0.019635461270809174,0.16995958983898163,-9.774494171142578,0.04869906231760979,-0.0574432797729969,-0.01703515648841858
2206,197738370,-0.01947389729321003,0.1676865667104721,-9.774003982543945,0.048025961965322495,-0.07984920591115952,-0.016759755089879036
2206,197738480,-0.015191759914159775,0.15981808304786682,-9.796271324157715,0.05841650068759918,-0.0662640705704689,-0.05485401302576065
2206,197738590,-0.017991214990615845,0.16615141928195953,-9.776323318481445,0.07637540251016617,-0.06104513630270958,-0.0485808439552784
2206,197738700,-0.012513012625277042,0.1652498096227646,-9.771751403808594,-0.02974531799554825,-0.018351010978221893,-0.01393845584243536
2206,197738820,-0.03189535811543465,0.16280606389045715,-9.777656555175781,0.04806710034608841,-0.04114817455410957,-0.030192451551556587
2206,197738930,-0.024775050580501556,0.16213683784008026,-9.779288291931152,0.019423725083470345,-0.056966137140989304,0.01125707570463419
2206,197739050,-0.017343973740935326,0.15825703740119934,-9.772733688354492,-0.0035445080138742924,0.01272917166352272,-0.01805725507438183
2206,197739160,-0.015111164189875126,0.15691308677196503,-9.769906044006348,0.00693880021572113,-0.07763534784317017,-0.02126961387693882
2206,197739280,-0.01757299154996872,0.1607266664505005,-9.782071113586426,0.03973516821861267,0.0017438093200325966,0.019611217081546783
2206,197739390,-0.020028505474328995,0.1572609692811966,-9.78127670288086,0.06616618484258652,-0.017879758030176163,0.011003177613019943
2206,197739510,-0.013934166170656681,0.16672423481941223,-9.771188735961914,-0.00764008704572916,-0.04625050351023674,0.005373131018131971
2206,197739610,-0.020227475091814995,0.16055229306221008,-9.780816078186035,0.06110242009162903,-0.0065466370433568954,-0.004553013015538454
2206,197739720,-0.017676614224910736,0.1611112803220749,-9.780580520629883,-0.02833268605172634,-0.0306958369910717,-0.01856207847595215
2206,197739880,-0.01755705289542675,0.16466748714447021,-9.7766752243042,-0.026751786470413208,-0.06870999932289124,-0.06062936782836914
2206,197739990,-0.01924314722418785,0.1592274308204651,-9.783158302307129,0.028008658438920975,-0.10434409976005554,-0.025720665231347084
2206,197740110,-0.019186805933713913,0.16907863318920135,-9.767093658447266,0.029204821214079857,-0.05238370969891548,0.014327876269817352
2206,197740210,-0.025565311312675476,0.15621228516101837,-9.774863243103027,0.0628543272614479,-0.005071138963103294,-0.034419670701026917
2206,197740320,-0.01658671163022518,0.162777841091156,-9.786263465881348,0.03364650905132294,-0.0262965876609087,-0.02117587812244892
2206,197740440,-0.01909402199089527,0.1653672456741333,-9.766565322875977,0.059533149003982544,-0.07561784237623215,-0.002246795454993844
2206,197740550,-0.020124007016420364,0.16700628399848938,-9.773322105407715,-0.03078865446150303,-0.010472689755260944,0.010202991776168346
2206,197740660,-0.03148307651281357,0.16854694485664368,-9.771539688110352,0.058812517672777176,-0.044921666383743286,-0.00802560430020094
2206,197740770,-0.03008187748491764,0.1626558154821396,-9.775484085083008,-0.000335913646267727,-0.09209409356117249,0.019683746621012688
2206,197740870,-0.023887844756245613,0.1634870320558548,-9.77965259552002,0.05339137464761734,-0.017705297097563744,0.009410491213202477
2206,197740990,-0.029852502048015594,0.16363786160945892,-9.767909049987793,0.013003760017454624,-0.016614392399787903,-0.027487127110362053
2206,197741100,-0.021091947332024574,0.1605905294418335,-9.7752103805542,0.010023882612586021,-0.018575675785541534,-0.022919807583093643
2206,197741210,-0.020328059792518616,0.1599375307559967,-9.76187515258789,0.034531787037849426,-0.038648225367069244,-0.013036835007369518
2206,197741310,-0.027904720976948738,0.16362787783145905,-9.784619331359863,-0.0008093282231129706,0.03746771067380905,-0.0077623906545341015
2206,197741430,-0.025193635374307632,0.15916702151298523,-9.76949405670166,0.028550831601023674,-0.07526625692844391,0.030760157853364944
2206,197741540,-0.020707782357931137,0.16024038195610046,-9.764744758605957,-0.0020360518246889114,0.017763620242476463,-0.01460826676338911
2206,197741660,-0.01956828124821186,0.15689338743686676,-9.777158737182617,0.019051147624850273,-0.033941518515348434,-0.024763964116573334
2206,197741760,-0.025641607120633125,0.16388310492038727,-9.766685485839844,0.03824806585907936,-0.03210875764489174,0.01851811073720455
2206,197741870,-0.016393864527344704,0.1682569980621338,-9.768911361694336,0.02399589493870735,-0.06745672225952148,-0.050628963857889175
2206,197741980,-0.02325432188808918,0.1652091145515442,-9.773015022277832,0.009128029458224773,-0.034632183611392975,-0.01500760018825531
2206,197742080,-0.02550077810883522,0.1572554111480713,-9.834149360656738,0.16583755612373352,-0.0629473328590393,-0.017196131870150566
2206,197742190,-0.021486878395080566,0.16570037603378296,-9.775575637817383,0.01626771315932274,-0.05417405813932419,0.006754910573363304
2206,197742310,-0.024918941780924797,0.1586083024740219,-9.775875091552734,0.042365897446870804,-0.03607095032930374,-0.020329026505351067
2206,197742420,-0.01569446548819542,0.16856880486011505,-9.769230842590332,0.06474996358156204,0.04305516555905342,-0.012237981893122196
2206,197742540,-0.025341182947158813,0.149794802069664,-9.77871322631836,0.07765697687864304,-0.08673901110887527,-0.02862214483320713
2206,197742640,-0.020568041130900383,0.15186871588230133,-9.764644622802734,0.01685285195708275,-0.07879021763801575,-0.0411531925201416
2206,197742750,-0.007637695875018835,0.16760584712028503,-9.781147956848145,-0.02403300255537033,-0.04839292913675308,0.010845826007425785
2206,197742870,-0.021577706560492516,0.1490401029586792,-9.772322654724121,0.02184273488819599,-0.058620620518922806,0.006389541085809469
2206,197742970,-0.02341766282916069,0.15558874607086182,-9.774380683898926,0.013213018886744976,0.032408662140369415,-0.020684078335762024
2206,197743090,-0.01356726698577404,0.1545620858669281,-9.774078369140625,0.03693300858139992,-0.0375489667057991,0.0030372829642146826
2206,197743200,-0.01734198071062565,0.1639999896287918,-9.773282051086426,0.041406288743019104,-0.023443574085831642,-0.022655079141259193
2206,197743310,-0.024637868627905846,0.16157913208007812,-9.779223442077637,0.04634268954396248,-0.04555007442831993,-0.014321533031761646
2206,197743430,-0.02232627011835575,0.16180849075317383,-9.768338203430176,-0.03685183823108673,0.013309704139828682,0.001508848974481225
2206,197743540,-0.028550339862704277,0.16438117623329163,-9.771204948425293,0.019049081951379776,-0.009216368198394775,-0.0474921278655529
2206,197743640,-0.013738465495407581,0.158030703663826,-9.76911449432373,0.023246293887495995,-0.024149667471647263,-0.02074924111366272
2206,197743750,-0.017884990200400352,0.1609218418598175,-9.785063743591309,-0.00804483238607645,-0.035135943442583084,0.010406726971268654
2206,197743860,-0.024141505360603333,0.15988874435424805,-9.778430938720703,0.06952742487192154,-0.02280755341053009,0.016893848776817322
2206,197743970,-0.023951852694153786,0.1553574949502945,-9.771339416503906,0.047648586332798004,-0.09186508506536484,-0.03909383714199066
2206,197744080,-0.02279551513493061,0.1658870428800583,-9.77414608001709,0.04362989589571953,-0.10875121504068375,-0.036063119769096375
2206,197744180,-0.022434985265135765,0.1551736444234848,-9.775450706481934,0.05271419882774353,-0.07146207243204117,0.012129268608987331
2206,197744300,-0.01602596789598465,0.1596430540084839,-9.771780967712402,0.0003056376299355179,-0.047717344015836716,-0.02096831612288952
2206,197744410,-0.023305263370275497,0.16233864426612854,-9.77268123626709,0.043115973472595215,-0.07806555181741714,0.0006456496194005013
2206,197744540,-0.017886169254779816,0.15916189551353455,-9.770221710205078,0.014551527798175812,0.011607366614043713,-0.004081089515239
2206,197744650,-0.018674882128834724,0.16194988787174225,-9.759746551513672,0.046965159475803375,-0.031606633216142654,-0.04360676184296608
